"eval__res50_['inter#64', 'DDPM']_bs256 model testing on..."
testset,accuracy,avg precision,f1 score,roc score,recall,precision
PNDM,0.9955,0.9999950248756219,0.9954796584630838,0.999995,1.0,0.991
DDPM,1.0,1.0,1.0,1.0,1.0,1.0
LDM,0.501,0.6849640134887727,0.003992015968063872,0.694992,1.0,0.002
ProGAN,0.5,0.6707992098791005,0.0,0.6962340000000001,0.0,0.0
