"eval__res50_['inter#64', 'PNDM']_bs256 model testing on..."
testset,accuracy,avg precision,f1 score,roc score,recall,precision
PNDM,1.0,1.0,1.0,1.0,1.0,1.0
DDPM,1.0,1.0,1.0,1.0,1.0,1.0
LDM,0.501,0.6568972980273791,0.003992015968063872,0.6113470000000001,1.0,0.002
ProGAN,0.5,0.7005962493460463,0.0,0.7165105,0.0,0.0
