"eval__res50_['inter#64', 'LDM']_bs256 model testing on..."
testset,accuracy,avg precision,f1 score,roc score,recall,precision
PNDM,0.511,0.8714150501970743,0.043052837573385516,0.864033,1.0,0.022
DDPM,0.507,0.895674329273284,0.027613412228796843,0.8986945,1.0,0.014
LDM,1.0,1.0,1.0,1.0,1.0,1.0
ProGAN,0.5,0.6317129182917388,0.0,0.655397,0.0,0.0
